HDFC Bank,182994763044524,Private
Canara Bank,441044508252912,Public
State Bank of India,252095369596196,Public
Punjab National Bank,946076606096577,Private
IDFC Bank,274833090116795,Private
Indian Bank,474909716186826,Public
Canara Bank,439000951095002,Public
IDFC Bank,810153566461837,Private
State Bank of India,464870333755101,Public
Indian Bank,206437998485328,Private
Punjab National Bank,365980432495250,Private
Canara Bank,430516902962588,Public
HDFC Bank,567792334613257,Private
State Bank of India,301106322512191,Public
IDFC Bank,691988394680737,Private
Indian Bank,588370374639403,Public
Canara Bank,666109684406038,Public
HDFC Bank,983241583981346,Private
State Bank of India,749762064518293,Public
Canara Bank,249726380413896,Public
